"appointment_id","patient_id","doctor_id","appointment_date","status"
"1","1","1","2025-08-10","Completed"
"2","2","2","2025-08-11","Pending"
"3","3","3","2025-08-12","Completed"
"bill_id","patient_id","total_amount","bill_date"
"1","1","5000.00","2025-08-10"
"2","2","2000.00","2025-08-11"
"dept_id","dept_name"
"1","Cardiology"
"2","Neurology"
"3","Orthopedics"
"4","Pediatrics"
"doctor_id","name","dept_id","phone","email"
"1","Dr. Ahsan","1","01911111111","ahsan@hospital.com"
"2","Dr. Nabila","2","01922222222","nabila@hospital.com"
"3","Dr. Imran","3","01933333333","imran@hospital.com"
"record_id","patient_id","diagnosis","treatment","record_date"
"1","1","Heart Disease","Bypass Surgery","2025-08-10"
"2","2","Migraine","Medication","2025-08-11"
"medication_id","name","description","price"
"1","Paracetamol","Pain Reliever","2.50"
"2","Aspirin","Blood Thinner","5.00"
"3","Antibiotic","Infection Treatment","10.00"
"patient_id","name","dob","gender","phone","address"
"1","Rahim Uddin","1990-05-10","Male","01711111111","Dhaka"
"2","Karim Mia","1985-09-15","Male","01722222222","Chittagong"
"3","Sadia Akter","2000-03-20","Female","01733333333","Khulna"
"payment_id","bill_id","payment_date","amount","method"
"1","1","2025-08-10","5000.00","Cash"
"2","2","2025-08-11","2000.00","Card"
"prescription_id","patient_id","doctor_id","medication_id","dosage","start_date","end_date"
"1","1","1","2","1 tablet daily","2025-08-10","2025-08-20"
"2","2","2","1","2 tablets daily","2025-08-11","2025-08-15"
"staff_id","name","role","phone","salary"
"1","Abdul Karim","Nurse","01811111111","25000.00"
"2","Shamima Begum","Receptionist","01822222222","20000.00"
